path,decision,owner
/resurser,keep,
/resurser/beloningsschema-barn-gratis,redirect,/resurser/pdf/beloningsschema
/resurser/bildkort-rutiner-barn,noindex,
/resurser/bildkort/hygien,noindex,
/resurser/bildkort/kanslor,noindex,
/resurser/bildkort/kvall,noindex,
/resurser/bildkort/morgon,noindex,
/resurser/bildkort/overgangar,noindex,
/resurser/bildkort/skola,noindex,
/resurser/bildkort/teacch-inspirerat,noindex,
/resurser/bildschema-badhus-barn,noindex,
/resurser/bildschema-bakning-barn,noindex,
/resurser/bildschema-bibliotek-barn,noindex,
/resurser/bildschema-bil-barn,noindex,
/resurser/bildschema-butik-barn,noindex,
/resurser/bildschema-byta-om-barn,noindex,
/resurser/bildschema-camping-barn,noindex,
/resurser/bildschema-dagis-avhamtning,noindex,
/resurser/bildschema-dans-barn,noindex,
/resurser/bildschema-disk-barn,noindex,
/resurser/bildschema-dusch-kvall,redirect,/resurser/kvall
/resurser/bildschema-farfar-barn,noindex,
/resurser/bildschema-flyg-barn,noindex,
/resurser/bildschema-forskolan,keep,
/resurser/bildschema-forskoleklass-barn,noindex,
/resurser/bildschema-fotboll-barn,noindex,
/resurser/bildschema-frisor-barn,noindex,
/resurser/bildschema-fritids-barn,noindex,
/resurser/bildschema-grupparbete-barn,noindex,
/resurser/bildschema-gymnastik-barn,noindex,
/resurser/bildschema-handboll-barn,noindex,
/resurser/bildschema-handla-mat-barn,noindex,
/resurser/bildschema-helg-barn,redirect,/resurser/pdf/helgschema
/resurser/bildschema-hostlov-barn,noindex,
/resurser/bildschema-hotell-barn,noindex,
/resurser/bildschema-idrott-barn,noindex,
/resurser/bildschema-idrottsklader-barn,noindex,
/resurser/bildschema-innebandy-barn,noindex,
/resurser/bildschema-jullov-barn,noindex,
/resurser/bildschema-kalas-barn,noindex,
/resurser/bildschema-klassresa-barn,noindex,
/resurser/bildschema-kopcentrum-barn,noindex,
/resurser/bildschema-kusin-barn,noindex,
/resurser/bildschema-kvall-barn,redirect,/resurser/kvall
/resurser/bildschema-kyrkan-barn,noindex,
/resurser/bildschema-lakarbesok-barn,noindex,
/resurser/bildschema-laxhjalp-barn,redirect,/resurser/pdf/laxschema
/resurser/bildschema-laxor-barn,redirect,/resurser/pdf/laxschema
/resurser/bildschema-lekdejt-barn,noindex,
/resurser/bildschema-lov-barn,noindex,
/resurser/bildschema-matlagning-barn,noindex,
/resurser/bildschema-morgon-barn,redirect,/resurser/morgon
/resurser/bildschema-mormor-barn,noindex,
/resurser/bildschema-musik-barn,noindex,
/resurser/bildschema-musikskola-barn,noindex,
/resurser/bildschema-naturvetenskap-barn,noindex,
/resurser/bildschema-oppet-hus-barn,noindex,
/resurser/bildschema-packa-ryggsack-barn,noindex,
/resurser/bildschema-packa-vaska-barn,noindex,
/resurser/bildschema-parken-barn,noindex,
/resurser/bildschema-pasklov-barn,noindex,
/resurser/bildschema-pdf-gratis,noindex,
/resurser/bildschema-piano-barn,noindex,
/resurser/bildschema-prov-barn,noindex,
/resurser/bildschema-regnklader-barn,noindex,
/resurser/bildschema-resa-barn,noindex,
/resurser/bildschema-restaurang-barn,noindex,
/resurser/bildschema-ridning-barn,noindex,
/resurser/bildschema-simskola-barn,noindex,
/resurser/bildschema-skalning-barn,noindex,
/resurser/bildschema-skidor-barn,noindex,
/resurser/bildschema-skogen-barn,noindex,
/resurser/bildschema-skogsmulle-barn,noindex,
/resurser/bildschema-skolavslutning-barn,noindex,
/resurser/bildschema-skolfoto-barn,noindex,
/resurser/bildschema-skolstart-hosten,noindex,
/resurser/bildschema-skor-pa-barn,noindex,
/resurser/bildschema-skridskor-barn,noindex,
/resurser/bildschema-sommarklader-barn,noindex,
/resurser/bildschema-sommarlov-barn,noindex,
/resurser/bildschema-sortera-leksaker-barn,noindex,
/resurser/bildschema-soverover-barn,noindex,
/resurser/bildschema-sportlov-barn,noindex,
/resurser/bildschema-stada-rum-barn,noindex,
/resurser/bildschema-stuga-barn,noindex,
/resurser/bildschema-syskon-barn,noindex,
/resurser/bildschema-tag-barn,noindex,
/resurser/bildschema-tandlakare-barn,noindex,
/resurser/bildschema-tvatt-barn,noindex,
/resurser/bildschema-utflykt-barn,noindex,
/resurser/bildschema-utvecklingssamtal-barn,noindex,
/resurser/bildschema-vinterklader-barn,noindex,
/resurser/bildstod-adhd-barn,keep,
/resurser/bildstod-autism-vardag,keep,
/resurser/bildstod-npf-barn,redirect,/rutiner-npf-barn
/resurser/forst-sedan-kort-barn,keep,
/resurser/hygien,keep,
/resurser/hygienschema-barn-pdf,redirect,/resurser/hygien
/resurser/kanslokort-barn-gratis,redirect,/resurser/kanslor
/resurser/kanslor,keep,
/resurser/kvall,keep,
/resurser/kvallsschema-barn-pdf,redirect,/resurser/kvall
/resurser/morgon,keep,
/resurser/morgonrutin-bildstod-pdf,redirect,/resurser/morgon
/resurser/morgonschema-barn-skriva-ut,redirect,/resurser/morgon
/resurser/overgangar,keep,
/resurser/overgangsschema-barn,keep,
/resurser/pdf/beloningsschema,keep,
/resurser/pdf/helgschema,keep,
/resurser/pdf/hygien,redirect,/resurser/hygien
/resurser/pdf/kanslor,redirect,/resurser/kanslor
/resurser/pdf/kvallsschema,redirect,/resurser/kvall
/resurser/pdf/laxschema,keep,
/resurser/pdf/morgonschema,redirect,/resurser/morgon
/resurser/pdf/overgangar,redirect,/resurser/overgangar
/resurser/pdf/skola,redirect,/resurser/skola
/resurser/pdf/teacch-inspirerat,redirect,/resurser/teacch-inspirerat
/resurser/pdf/veckoschema,keep,
/resurser/rutinschema-barn-bilder,redirect,/bildschema-app
/resurser/skola,keep,
/resurser/skolschema-barn-bildstod,redirect,/resurser/skola
/resurser/teacch-inspirerat,keep,
/resurser/teacch-kort-barn,redirect,/resurser/teacch-inspirerat
/resurser/veckoschema-mall-gratis,redirect,/resurser/pdf/veckoschema
/resurser/visuellt-schema-forskola,redirect,/resurser/bildschema-forskolan
/resurser/visuellt-stod-hemmet,redirect,/bildschema-app
