locale,url,content_key,priority,sitemap,expected_hreflang,request_indexing,notes
bg,https://mystarday.app/bg,home,high,yes,bg,yes,Inspect and request indexing. <!-- pragma: allowlist secret -->
bg,https://mystarday.app/bg/kak-raboti,howItWorks,normal,yes,bg,no,Swedish has no howItWorks document; the cluster omits sv-SE <!-- pragma: allowlist secret -->
bg,https://mystarday.app/bg/vizualen-dneven-plan,visualSchedule,high,yes,bg,yes,Inspect and request indexing. <!-- pragma: allowlist secret -->
bg,https://mystarday.app/bg/sutreshna-rutina,morningRoutine,high,yes,bg,yes,Inspect and request indexing. <!-- pragma: allowlist secret -->
bg,https://mystarday.app/bg/sedmichen-plan,weeklySchedule,high,yes,bg,yes,Inspect and request indexing. <!-- pragma: allowlist secret -->
bg,https://mystarday.app/bg/rutini-za-neurodivergentni-detsa,neurodiverseRoutines,high,yes,bg,yes,Inspect and request indexing. <!-- pragma: allowlist secret -->
bg,https://mystarday.app/bg/sistema-za-nagradi,rewardSystem,normal,yes,bg,no, <!-- pragma: allowlist secret -->
bg,https://mystarday.app/bg/materiali,resources,normal,yes,bg,no, <!-- pragma: allowlist secret -->
bg,https://mystarday.app/bg/vaprosi,faq,normal,yes,bg,no, <!-- pragma: allowlist secret -->
bg,https://mystarday.app/bg/poveritelnost,privacy,normal,yes,bg,no, <!-- pragma: allowlist secret -->
bg,https://mystarday.app/bg/uslovia,terms,normal,yes,bg,no, <!-- pragma: allowlist secret -->
hr,https://mystarday.app/hr,home,high,yes,hr,yes,Inspect and request indexing. <!-- pragma: allowlist secret -->
hr,https://mystarday.app/hr/kako-radi,howItWorks,normal,yes,hr,no,Swedish has no howItWorks document; the cluster omits sv-SE <!-- pragma: allowlist secret -->
hr,https://mystarday.app/hr/vizualni-dnevni-plan,visualSchedule,high,yes,hr,yes,Inspect and request indexing. <!-- pragma: allowlist secret -->
hr,https://mystarday.app/hr/jutarnja-rutina,morningRoutine,high,yes,hr,yes,Inspect and request indexing. <!-- pragma: allowlist secret -->
hr,https://mystarday.app/hr/tjedni-plan,weeklySchedule,high,yes,hr,yes,Inspect and request indexing. <!-- pragma: allowlist secret -->
hr,https://mystarday.app/hr/rutine-neurodivergentna-djeca,neurodiverseRoutines,high,yes,hr,yes,Inspect and request indexing. <!-- pragma: allowlist secret -->
hr,https://mystarday.app/hr/sustav-nagrada,rewardSystem,normal,yes,hr,no, <!-- pragma: allowlist secret -->
hr,https://mystarday.app/hr/materijali,resources,normal,yes,hr,no, <!-- pragma: allowlist secret -->
hr,https://mystarday.app/hr/pitanja,faq,normal,yes,hr,no, <!-- pragma: allowlist secret -->
hr,https://mystarday.app/hr/privatnost,privacy,normal,yes,hr,no, <!-- pragma: allowlist secret -->
hr,https://mystarday.app/hr/uvjeti,terms,normal,yes,hr,no, <!-- pragma: allowlist secret -->
cs,https://mystarday.app/cs,home,high,yes,cs,yes,Inspect and request indexing. <!-- pragma: allowlist secret -->
cs,https://mystarday.app/cs/jak-to-funguje,howItWorks,normal,yes,cs,no,Swedish has no howItWorks document; the cluster omits sv-SE <!-- pragma: allowlist secret -->
cs,https://mystarday.app/cs/vizualni-denni-plan,visualSchedule,high,yes,cs,yes,Inspect and request indexing. <!-- pragma: allowlist secret -->
cs,https://mystarday.app/cs/ranni-rutina,morningRoutine,high,yes,cs,yes,Inspect and request indexing. <!-- pragma: allowlist secret -->
cs,https://mystarday.app/cs/tydenni-plan,weeklySchedule,high,yes,cs,yes,Inspect and request indexing. <!-- pragma: allowlist secret -->
cs,https://mystarday.app/cs/rutiny-neurodivergentni-deti,neurodiverseRoutines,high,yes,cs,yes,Inspect and request indexing. <!-- pragma: allowlist secret -->
cs,https://mystarday.app/cs/system-odmen,rewardSystem,normal,yes,cs,no, <!-- pragma: allowlist secret -->
cs,https://mystarday.app/cs/materialy,resources,normal,yes,cs,no, <!-- pragma: allowlist secret -->
cs,https://mystarday.app/cs/otazky,faq,normal,yes,cs,no, <!-- pragma: allowlist secret -->
cs,https://mystarday.app/cs/soukromi,privacy,normal,yes,cs,no, <!-- pragma: allowlist secret -->
cs,https://mystarday.app/cs/podminky,terms,normal,yes,cs,no, <!-- pragma: allowlist secret -->
da,https://mystarday.app/da,home,high,yes,da,yes,Inspect and request indexing. <!-- pragma: allowlist secret -->
da,https://mystarday.app/da/saadan-virker-det,howItWorks,normal,yes,da,no,Swedish has no howItWorks document; the cluster omits sv-SE <!-- pragma: allowlist secret -->
da,https://mystarday.app/da/visuel-dagsplan,visualSchedule,high,yes,da,yes,Inspect and request indexing. <!-- pragma: allowlist secret -->
da,https://mystarday.app/da/morgenrutine,morningRoutine,high,yes,da,yes,Inspect and request indexing. <!-- pragma: allowlist secret -->
da,https://mystarday.app/da/ugeplan-piktogrammer,weeklySchedule,high,yes,da,yes,Inspect and request indexing. <!-- pragma: allowlist secret -->
da,https://mystarday.app/da/rutiner-neurodiverse-boern,neurodiverseRoutines,high,yes,da,yes,Inspect and request indexing. <!-- pragma: allowlist secret -->
da,https://mystarday.app/da/belonningssystem,rewardSystem,normal,yes,da,no, <!-- pragma: allowlist secret -->
da,https://mystarday.app/da/materialer,resources,normal,yes,da,no, <!-- pragma: allowlist secret -->
da,https://mystarday.app/da/spoergsmaal,faq,normal,yes,da,no, <!-- pragma: allowlist secret -->
da,https://mystarday.app/da/privatliv,privacy,normal,yes,da,no, <!-- pragma: allowlist secret -->
da,https://mystarday.app/da/vilkaar,terms,normal,yes,da,no, <!-- pragma: allowlist secret -->
nl,https://mystarday.app/nl,home,high,yes,nl,yes,Inspect and request indexing. <!-- pragma: allowlist secret -->
nl,https://mystarday.app/nl/hoe-het-werkt,howItWorks,normal,yes,nl,no,Swedish has no howItWorks document; the cluster omits sv-SE <!-- pragma: allowlist secret -->
nl,https://mystarday.app/nl/visueel-schema,visualSchedule,high,yes,nl,yes,Inspect and request indexing. <!-- pragma: allowlist secret -->
nl,https://mystarday.app/nl/ochtendroutine-kinderen,morningRoutine,high,yes,nl,yes,Inspect and request indexing. <!-- pragma: allowlist secret -->
nl,https://mystarday.app/nl/weekplanning-met-pictogrammen,weeklySchedule,high,yes,nl,yes,Inspect and request indexing. <!-- pragma: allowlist secret -->
nl,https://mystarday.app/nl/routines-neurodiverse-kinderen,neurodiverseRoutines,high,yes,nl,yes,Inspect and request indexing. <!-- pragma: allowlist secret -->
nl,https://mystarday.app/nl/beloningssysteem-kinderen,rewardSystem,normal,yes,nl,no, <!-- pragma: allowlist secret -->
nl,https://mystarday.app/nl/bronnen,resources,normal,yes,nl,no, <!-- pragma: allowlist secret -->
nl,https://mystarday.app/nl/faq,faq,normal,yes,nl,no, <!-- pragma: allowlist secret -->
nl,https://mystarday.app/nl/privacy,privacy,normal,yes,nl,no, <!-- pragma: allowlist secret -->
nl,https://mystarday.app/nl/voorwaarden,terms,normal,yes,nl,no, <!-- pragma: allowlist secret -->
en,https://mystarday.app/en,home,high,yes,en,yes,Inspect and request indexing. <!-- pragma: allowlist secret -->
en,https://mystarday.app/en/how-it-works,howItWorks,normal,yes,en,no,Swedish has no howItWorks document; the cluster omits sv-SE <!-- pragma: allowlist secret -->
en,https://mystarday.app/en/visual-schedule-app,visualSchedule,high,yes,en,yes,Inspect and request indexing. <!-- pragma: allowlist secret -->
en,https://mystarday.app/en/morning-routine-children,morningRoutine,high,yes,en,yes,Inspect and request indexing. <!-- pragma: allowlist secret -->
en,https://mystarday.app/en/weekly-schedule-visual-support,weeklySchedule,high,yes,en,yes,Inspect and request indexing. <!-- pragma: allowlist secret -->
en,https://mystarday.app/en/routines-neurodiverse-children,neurodiverseRoutines,high,yes,en,yes,Inspect and request indexing. <!-- pragma: allowlist secret -->
en,https://mystarday.app/en/reward-system-children,rewardSystem,normal,yes,en,no, <!-- pragma: allowlist secret -->
en,https://mystarday.app/en/resources,resources,normal,yes,en,no, <!-- pragma: allowlist secret -->
en,https://mystarday.app/en/faq,faq,normal,yes,en,no, <!-- pragma: allowlist secret -->
en,https://mystarday.app/en/privacy,privacy,normal,yes,en,no, <!-- pragma: allowlist secret -->
en,https://mystarday.app/en/terms,terms,normal,yes,en,no, <!-- pragma: allowlist secret -->
en,https://mystarday.app/en/alternative-visual-schedule-board,additional,normal,yes,en,no,Discover from the sitemap. Do not request indexing. <!-- pragma: allowlist secret -->
en,https://mystarday.app/en/contact,additional,normal,yes,en,no,Discover from the sitemap. Do not request indexing. <!-- pragma: allowlist secret -->
en,https://mystarday.app/en/pricing,additional,normal,yes,en,no,Discover from the sitemap. Do not request indexing. <!-- pragma: allowlist secret -->
en,https://mystarday.app/en/resources/emotion-cards-children-free,additional,normal,yes,en,no,Discover from the sitemap. Do not request indexing. <!-- pragma: allowlist secret -->
en,https://mystarday.app/en/resources/emotions,additional,normal,yes,en,no,Discover from the sitemap. Do not request indexing. <!-- pragma: allowlist secret -->
en,https://mystarday.app/en/resources/evening,additional,normal,yes,en,no,Discover from the sitemap. Do not request indexing. <!-- pragma: allowlist secret -->
en,https://mystarday.app/en/resources/hygiene,additional,normal,yes,en,no,Discover from the sitemap. Do not request indexing. <!-- pragma: allowlist secret -->
en,https://mystarday.app/en/resources/morning,additional,normal,yes,en,no,Discover from the sitemap. Do not request indexing. <!-- pragma: allowlist secret -->
en,https://mystarday.app/en/resources/pdf/emotions,additional,normal,yes,en,no,Discover from the sitemap. Do not request indexing. <!-- pragma: allowlist secret -->
en,https://mystarday.app/en/resources/pdf/evening-schedule,additional,normal,yes,en,no,Discover from the sitemap. Do not request indexing. <!-- pragma: allowlist secret -->
en,https://mystarday.app/en/resources/pdf/homework-schedule,additional,normal,yes,en,no,Discover from the sitemap. Do not request indexing. <!-- pragma: allowlist secret -->
en,https://mystarday.app/en/resources/pdf/hygiene,additional,normal,yes,en,no,Discover from the sitemap. Do not request indexing. <!-- pragma: allowlist secret -->
en,https://mystarday.app/en/resources/pdf/morning-schedule,additional,normal,yes,en,no,Discover from the sitemap. Do not request indexing. <!-- pragma: allowlist secret -->
en,https://mystarday.app/en/resources/pdf/reward-chart,additional,normal,yes,en,no,Discover from the sitemap. Do not request indexing. <!-- pragma: allowlist secret -->
en,https://mystarday.app/en/resources/pdf/school,additional,normal,yes,en,no,Discover from the sitemap. Do not request indexing. <!-- pragma: allowlist secret -->
en,https://mystarday.app/en/resources/pdf/teacch-inspired,additional,normal,yes,en,no,Discover from the sitemap. Do not request indexing. <!-- pragma: allowlist secret -->
en,https://mystarday.app/en/resources/pdf/transitions,additional,normal,yes,en,no,Discover from the sitemap. Do not request indexing. <!-- pragma: allowlist secret -->
en,https://mystarday.app/en/resources/pdf/weekend-schedule,additional,normal,yes,en,no,Discover from the sitemap. Do not request indexing. <!-- pragma: allowlist secret -->
en,https://mystarday.app/en/resources/pdf/weekly-schedule,additional,normal,yes,en,no,Discover from the sitemap. Do not request indexing. <!-- pragma: allowlist secret -->
en,https://mystarday.app/en/resources/picture-cards/emotions,additional,normal,yes,en,no,Discover from the sitemap. Do not request indexing. <!-- pragma: allowlist secret -->
en,https://mystarday.app/en/resources/picture-cards/evening,additional,normal,yes,en,no,Discover from the sitemap. Do not request indexing. <!-- pragma: allowlist secret -->
en,https://mystarday.app/en/resources/picture-cards/hygiene,additional,normal,yes,en,no,Discover from the sitemap. Do not request indexing. <!-- pragma: allowlist secret -->
en,https://mystarday.app/en/resources/picture-cards/morning,additional,normal,yes,en,no,Discover from the sitemap. Do not request indexing. <!-- pragma: allowlist secret -->
en,https://mystarday.app/en/resources/picture-cards/school,additional,normal,yes,en,no,Discover from the sitemap. Do not request indexing. <!-- pragma: allowlist secret -->
en,https://mystarday.app/en/resources/picture-cards/teacch-inspired,additional,normal,yes,en,no,Discover from the sitemap. Do not request indexing. <!-- pragma: allowlist secret -->
en,https://mystarday.app/en/resources/picture-cards/transitions,additional,normal,yes,en,no,Discover from the sitemap. Do not request indexing. <!-- pragma: allowlist secret -->
en,https://mystarday.app/en/resources/school,additional,normal,yes,en,no,Discover from the sitemap. Do not request indexing. <!-- pragma: allowlist secret -->
en,https://mystarday.app/en/resources/teacch-inspired,additional,normal,yes,en,no,Discover from the sitemap. Do not request indexing. <!-- pragma: allowlist secret -->
en,https://mystarday.app/en/resources/transitions,additional,normal,yes,en,no,Discover from the sitemap. Do not request indexing. <!-- pragma: allowlist secret -->
en,https://mystarday.app/en/treasury,additional,normal,yes,en,no,Discover from the sitemap. Do not request indexing. <!-- pragma: allowlist secret -->
et,https://mystarday.app/et,home,high,yes,et,yes,Inspect and request indexing. <!-- pragma: allowlist secret -->
et,https://mystarday.app/et/kuidas-see-tootab,howItWorks,normal,yes,et,no,Swedish has no howItWorks document; the cluster omits sv-SE <!-- pragma: allowlist secret -->
et,https://mystarday.app/et/visuaalne-paevakava,visualSchedule,high,yes,et,yes,Inspect and request indexing. <!-- pragma: allowlist secret -->
et,https://mystarday.app/et/hommikurutiin,morningRoutine,high,yes,et,yes,Inspect and request indexing. <!-- pragma: allowlist secret -->
et,https://mystarday.app/et/nadalakava,weeklySchedule,high,yes,et,yes,Inspect and request indexing. <!-- pragma: allowlist secret -->
et,https://mystarday.app/et/rutiinid-neurodivergentsed-lapsed,neurodiverseRoutines,high,yes,et,yes,Inspect and request indexing. <!-- pragma: allowlist secret -->
et,https://mystarday.app/et/preemiasusteem,rewardSystem,normal,yes,et,no, <!-- pragma: allowlist secret -->
et,https://mystarday.app/et/materjalid,resources,normal,yes,et,no, <!-- pragma: allowlist secret -->
et,https://mystarday.app/et/kusimused,faq,normal,yes,et,no, <!-- pragma: allowlist secret -->
et,https://mystarday.app/et/privaatsus,privacy,normal,yes,et,no, <!-- pragma: allowlist secret -->
et,https://mystarday.app/et/tingimused,terms,normal,yes,et,no, <!-- pragma: allowlist secret -->
fi,https://mystarday.app/fi,home,high,yes,fi,yes,Inspect and request indexing. <!-- pragma: allowlist secret -->
fi,https://mystarday.app/fi/nain-se-toimii,howItWorks,normal,yes,fi,no,Swedish has no howItWorks document; the cluster omits sv-SE <!-- pragma: allowlist secret -->
fi,https://mystarday.app/fi/kuvallinen-paivasuunnitelma,visualSchedule,high,yes,fi,yes,Inspect and request indexing. <!-- pragma: allowlist secret -->
fi,https://mystarday.app/fi/aamurutiini,morningRoutine,high,yes,fi,yes,Inspect and request indexing. <!-- pragma: allowlist secret -->
fi,https://mystarday.app/fi/viikkosuunnitelma,weeklySchedule,high,yes,fi,yes,Inspect and request indexing. <!-- pragma: allowlist secret -->
fi,https://mystarday.app/fi/rutiinit-neurokirjo,neurodiverseRoutines,high,yes,fi,yes,Inspect and request indexing. <!-- pragma: allowlist secret -->
fi,https://mystarday.app/fi/palkitsemisjarjestelma,rewardSystem,normal,yes,fi,no, <!-- pragma: allowlist secret -->
fi,https://mystarday.app/fi/materiaalit,resources,normal,yes,fi,no, <!-- pragma: allowlist secret -->
fi,https://mystarday.app/fi/kysymykset,faq,normal,yes,fi,no, <!-- pragma: allowlist secret -->
fi,https://mystarday.app/fi/tietosuoja,privacy,normal,yes,fi,no, <!-- pragma: allowlist secret -->
fi,https://mystarday.app/fi/kayttoehdot,terms,normal,yes,fi,no, <!-- pragma: allowlist secret -->
fr,https://mystarday.app/fr,home,high,yes,fr,yes,Inspect and request indexing. <!-- pragma: allowlist secret -->
fr,https://mystarday.app/fr/comment-ca-marche,howItWorks,normal,yes,fr,no,Swedish has no howItWorks document; the cluster omits sv-SE <!-- pragma: allowlist secret -->
fr,https://mystarday.app/fr/emploi-du-temps-visuel,visualSchedule,high,yes,fr,yes,Inspect and request indexing. <!-- pragma: allowlist secret -->
fr,https://mystarday.app/fr/routine-du-matin,morningRoutine,high,yes,fr,yes,Inspect and request indexing. <!-- pragma: allowlist secret -->
fr,https://mystarday.app/fr/planning-hebdomadaire,weeklySchedule,high,yes,fr,yes,Inspect and request indexing. <!-- pragma: allowlist secret -->
fr,https://mystarday.app/fr/routines-enfants-neurodivergents,neurodiverseRoutines,high,yes,fr,yes,Inspect and request indexing. <!-- pragma: allowlist secret -->
fr,https://mystarday.app/fr/systeme-de-recompenses,rewardSystem,normal,yes,fr,no, <!-- pragma: allowlist secret -->
fr,https://mystarday.app/fr/ressources,resources,normal,yes,fr,no, <!-- pragma: allowlist secret -->
fr,https://mystarday.app/fr/questions-frequentes,faq,normal,yes,fr,no, <!-- pragma: allowlist secret -->
fr,https://mystarday.app/fr/confidentialite,privacy,normal,yes,fr,no, <!-- pragma: allowlist secret -->
fr,https://mystarday.app/fr/conditions-d-utilisation,terms,normal,yes,fr,no, <!-- pragma: allowlist secret -->
de,https://mystarday.app/de,home,high,yes,de,yes,Inspect and request indexing. <!-- pragma: allowlist secret -->
de,https://mystarday.app/de/so-funktionierts,howItWorks,normal,yes,de,no,Swedish has no howItWorks document; the cluster omits sv-SE <!-- pragma: allowlist secret -->
de,https://mystarday.app/de/visueller-tagesplan,visualSchedule,high,yes,de,yes,Inspect and request indexing. <!-- pragma: allowlist secret -->
de,https://mystarday.app/de/morgenroutine-kinder,morningRoutine,high,yes,de,yes,Inspect and request indexing. <!-- pragma: allowlist secret -->
de,https://mystarday.app/de/wochenplan-piktogramme,weeklySchedule,high,yes,de,yes,Inspect and request indexing. <!-- pragma: allowlist secret -->
de,https://mystarday.app/de/routinen-neurodiverse-kinder,neurodiverseRoutines,high,yes,de,yes,Inspect and request indexing. <!-- pragma: allowlist secret -->
de,https://mystarday.app/de/belohnungssystem-kinder,rewardSystem,normal,yes,de,no, <!-- pragma: allowlist secret -->
de,https://mystarday.app/de/materialien,resources,normal,yes,de,no, <!-- pragma: allowlist secret -->
de,https://mystarday.app/de/fragen,faq,normal,yes,de,no, <!-- pragma: allowlist secret -->
de,https://mystarday.app/de/datenschutz,privacy,normal,yes,de,no, <!-- pragma: allowlist secret -->
de,https://mystarday.app/de/nutzungsbedingungen,terms,normal,yes,de,no, <!-- pragma: allowlist secret -->
el,https://mystarday.app/el,home,high,yes,el,yes,Inspect and request indexing. <!-- pragma: allowlist secret -->
el,https://mystarday.app/el/pos-leitourgei,howItWorks,normal,yes,el,no,Swedish has no howItWorks document; the cluster omits sv-SE <!-- pragma: allowlist secret -->
el,https://mystarday.app/el/optiko-imerisio-programma,visualSchedule,high,yes,el,yes,Inspect and request indexing. <!-- pragma: allowlist secret -->
el,https://mystarday.app/el/proini-routina,morningRoutine,high,yes,el,yes,Inspect and request indexing. <!-- pragma: allowlist secret -->
el,https://mystarday.app/el/evdomadiaio-programma,weeklySchedule,high,yes,el,yes,Inspect and request indexing. <!-- pragma: allowlist secret -->
el,https://mystarday.app/el/rutines-nevrodiaphoretika-paidia,neurodiverseRoutines,high,yes,el,yes,Inspect and request indexing. <!-- pragma: allowlist secret -->
el,https://mystarday.app/el/systima-amoivon,rewardSystem,normal,yes,el,no, <!-- pragma: allowlist secret -->
el,https://mystarday.app/el/yliko,resources,normal,yes,el,no, <!-- pragma: allowlist secret -->
el,https://mystarday.app/el/erotiseis,faq,normal,yes,el,no, <!-- pragma: allowlist secret -->
el,https://mystarday.app/el/aporrito,privacy,normal,yes,el,no, <!-- pragma: allowlist secret -->
el,https://mystarday.app/el/oroi,terms,normal,yes,el,no, <!-- pragma: allowlist secret -->
hu,https://mystarday.app/hu,home,high,yes,hu,yes,Inspect and request indexing. <!-- pragma: allowlist secret -->
hu,https://mystarday.app/hu/igy-mukodik,howItWorks,normal,yes,hu,no,Swedish has no howItWorks document; the cluster omits sv-SE <!-- pragma: allowlist secret -->
hu,https://mystarday.app/hu/kepi-napirend,visualSchedule,high,yes,hu,yes,Inspect and request indexing. <!-- pragma: allowlist secret -->
hu,https://mystarday.app/hu/reggeli-rutin,morningRoutine,high,yes,hu,yes,Inspect and request indexing. <!-- pragma: allowlist secret -->
hu,https://mystarday.app/hu/heti-terv,weeklySchedule,high,yes,hu,yes,Inspect and request indexing. <!-- pragma: allowlist secret -->
hu,https://mystarday.app/hu/rutinok-neurodivergens-gyerekek,neurodiverseRoutines,high,yes,hu,yes,Inspect and request indexing. <!-- pragma: allowlist secret -->
hu,https://mystarday.app/hu/jutalomrendszer,rewardSystem,normal,yes,hu,no, <!-- pragma: allowlist secret -->
hu,https://mystarday.app/hu/anyagok,resources,normal,yes,hu,no, <!-- pragma: allowlist secret -->
hu,https://mystarday.app/hu/kerdesek,faq,normal,yes,hu,no, <!-- pragma: allowlist secret -->
hu,https://mystarday.app/hu/adatvedelem,privacy,normal,yes,hu,no, <!-- pragma: allowlist secret -->
hu,https://mystarday.app/hu/feltetelek,terms,normal,yes,hu,no, <!-- pragma: allowlist secret -->
ga,https://mystarday.app/ga,home,high,yes,ga,yes,Inspect and request indexing. <!-- pragma: allowlist secret -->
ga,https://mystarday.app/ga/conas-a-oibrionn-se,howItWorks,normal,yes,ga,no,Swedish has no howItWorks document; the cluster omits sv-SE <!-- pragma: allowlist secret -->
ga,https://mystarday.app/ga/sceideal-amhairc,visualSchedule,high,yes,ga,yes,Inspect and request indexing. <!-- pragma: allowlist secret -->
ga,https://mystarday.app/ga/gnathamh-maidin,morningRoutine,high,yes,ga,yes,Inspect and request indexing. <!-- pragma: allowlist secret -->
ga,https://mystarday.app/ga/plean-seachtaini,weeklySchedule,high,yes,ga,yes,Inspect and request indexing. <!-- pragma: allowlist secret -->
ga,https://mystarday.app/ga/gnathaimh-paiste-neorodhifriuil,neurodiverseRoutines,high,yes,ga,yes,Inspect and request indexing. <!-- pragma: allowlist secret -->
ga,https://mystarday.app/ga/coras-duaiseanna,rewardSystem,normal,yes,ga,no, <!-- pragma: allowlist secret -->
ga,https://mystarday.app/ga/acmhainni,resources,normal,yes,ga,no, <!-- pragma: allowlist secret -->
ga,https://mystarday.app/ga/ceisteanna,faq,normal,yes,ga,no, <!-- pragma: allowlist secret -->
ga,https://mystarday.app/ga/priobhaideachas,privacy,normal,yes,ga,no, <!-- pragma: allowlist secret -->
ga,https://mystarday.app/ga/tearmai,terms,normal,yes,ga,no, <!-- pragma: allowlist secret -->
it,https://mystarday.app/it,home,high,yes,it,yes,Inspect and request indexing. <!-- pragma: allowlist secret -->
it,https://mystarday.app/it/come-funziona,howItWorks,normal,yes,it,no,Swedish has no howItWorks document; the cluster omits sv-SE <!-- pragma: allowlist secret -->
it,https://mystarday.app/it/schema-visivo,visualSchedule,high,yes,it,yes,Inspect and request indexing. <!-- pragma: allowlist secret -->
it,https://mystarday.app/it/routine-del-mattino,morningRoutine,high,yes,it,yes,Inspect and request indexing. <!-- pragma: allowlist secret -->
it,https://mystarday.app/it/piano-settimanale,weeklySchedule,high,yes,it,yes,Inspect and request indexing. <!-- pragma: allowlist secret -->
it,https://mystarday.app/it/routine-bambini-neurodivergenti,neurodiverseRoutines,high,yes,it,yes,Inspect and request indexing. <!-- pragma: allowlist secret -->
it,https://mystarday.app/it/sistema-di-ricompense,rewardSystem,normal,yes,it,no, <!-- pragma: allowlist secret -->
it,https://mystarday.app/it/risorse,resources,normal,yes,it,no, <!-- pragma: allowlist secret -->
it,https://mystarday.app/it/domande-frequenti,faq,normal,yes,it,no, <!-- pragma: allowlist secret -->
it,https://mystarday.app/it/privacy,privacy,normal,yes,it,no, <!-- pragma: allowlist secret -->
it,https://mystarday.app/it/condizioni,terms,normal,yes,it,no, <!-- pragma: allowlist secret -->
lv,https://mystarday.app/lv,home,high,yes,lv,yes,Inspect and request indexing. <!-- pragma: allowlist secret -->
lv,https://mystarday.app/lv/ka-tas-strada,howItWorks,normal,yes,lv,no,Swedish has no howItWorks document; the cluster omits sv-SE <!-- pragma: allowlist secret -->
lv,https://mystarday.app/lv/vizuala-dienas-karte,visualSchedule,high,yes,lv,yes,Inspect and request indexing. <!-- pragma: allowlist secret -->
lv,https://mystarday.app/lv/ritas-rutina,morningRoutine,high,yes,lv,yes,Inspect and request indexing. <!-- pragma: allowlist secret -->
lv,https://mystarday.app/lv/nedelas-plans,weeklySchedule,high,yes,lv,yes,Inspect and request indexing. <!-- pragma: allowlist secret -->
lv,https://mystarday.app/lv/rutinas-neirodiversiem-berniem,neurodiverseRoutines,high,yes,lv,yes,Inspect and request indexing. <!-- pragma: allowlist secret -->
lv,https://mystarday.app/lv/atalgojuma-sistema,rewardSystem,normal,yes,lv,no, <!-- pragma: allowlist secret -->
lv,https://mystarday.app/lv/materiali,resources,normal,yes,lv,no, <!-- pragma: allowlist secret -->
lv,https://mystarday.app/lv/jautajumi,faq,normal,yes,lv,no, <!-- pragma: allowlist secret -->
lv,https://mystarday.app/lv/privatums,privacy,normal,yes,lv,no, <!-- pragma: allowlist secret -->
lv,https://mystarday.app/lv/noteikumi,terms,normal,yes,lv,no, <!-- pragma: allowlist secret -->
lt,https://mystarday.app/lt,home,high,yes,lt,yes,Inspect and request indexing. <!-- pragma: allowlist secret -->
lt,https://mystarday.app/lt/kaip-tai-veikia,howItWorks,normal,yes,lt,no,Swedish has no howItWorks document; the cluster omits sv-SE <!-- pragma: allowlist secret -->
lt,https://mystarday.app/lt/vaizdinis-dienos-planas,visualSchedule,high,yes,lt,yes,Inspect and request indexing. <!-- pragma: allowlist secret -->
lt,https://mystarday.app/lt/ryto-rutina,morningRoutine,high,yes,lt,yes,Inspect and request indexing. <!-- pragma: allowlist secret -->
lt,https://mystarday.app/lt/savaites-planas,weeklySchedule,high,yes,lt,yes,Inspect and request indexing. <!-- pragma: allowlist secret -->
lt,https://mystarday.app/lt/rutinos-neuroivairiems-vaikams,neurodiverseRoutines,high,yes,lt,yes,Inspect and request indexing. <!-- pragma: allowlist secret -->
lt,https://mystarday.app/lt/atlygio-sistema,rewardSystem,normal,yes,lt,no, <!-- pragma: allowlist secret -->
lt,https://mystarday.app/lt/medziaga,resources,normal,yes,lt,no, <!-- pragma: allowlist secret -->
lt,https://mystarday.app/lt/klausimai,faq,normal,yes,lt,no, <!-- pragma: allowlist secret -->
lt,https://mystarday.app/lt/privatumas,privacy,normal,yes,lt,no, <!-- pragma: allowlist secret -->
lt,https://mystarday.app/lt/salygos,terms,normal,yes,lt,no, <!-- pragma: allowlist secret -->
mt,https://mystarday.app/mt,home,high,yes,mt,yes,Inspect and request indexing. <!-- pragma: allowlist secret -->
mt,https://mystarday.app/mt/kif-jahdem,howItWorks,normal,yes,mt,no,Swedish has no howItWorks document; the cluster omits sv-SE <!-- pragma: allowlist secret -->
mt,https://mystarday.app/mt/skeda-vizwali,visualSchedule,high,yes,mt,yes,Inspect and request indexing. <!-- pragma: allowlist secret -->
mt,https://mystarday.app/mt/rutina-ta-filghodu,morningRoutine,high,yes,mt,yes,Inspect and request indexing. <!-- pragma: allowlist secret -->
mt,https://mystarday.app/mt/pjan-tal-gimgha,weeklySchedule,high,yes,mt,yes,Inspect and request indexing. <!-- pragma: allowlist secret -->
mt,https://mystarday.app/mt/rutini-tfal-newrodiversi,neurodiverseRoutines,high,yes,mt,yes,Inspect and request indexing. <!-- pragma: allowlist secret -->
mt,https://mystarday.app/mt/sistema-ta-premjijiet,rewardSystem,normal,yes,mt,no, <!-- pragma: allowlist secret -->
mt,https://mystarday.app/mt/materjali,resources,normal,yes,mt,no, <!-- pragma: allowlist secret -->
mt,https://mystarday.app/mt/mistoqsijiet,faq,normal,yes,mt,no, <!-- pragma: allowlist secret -->
mt,https://mystarday.app/mt/privatezza,privacy,normal,yes,mt,no, <!-- pragma: allowlist secret -->
mt,https://mystarday.app/mt/termini,terms,normal,yes,mt,no, <!-- pragma: allowlist secret -->
pl,https://mystarday.app/pl,home,high,yes,pl,yes,Inspect and request indexing. <!-- pragma: allowlist secret -->
pl,https://mystarday.app/pl/jak-to-dziala,howItWorks,normal,yes,pl,no,Swedish has no howItWorks document; the cluster omits sv-SE <!-- pragma: allowlist secret -->
pl,https://mystarday.app/pl/plan-dnia-obrazkowy,visualSchedule,high,yes,pl,yes,Inspect and request indexing. <!-- pragma: allowlist secret -->
pl,https://mystarday.app/pl/poranna-rutyna,morningRoutine,high,yes,pl,yes,Inspect and request indexing. <!-- pragma: allowlist secret -->
pl,https://mystarday.app/pl/plan-tygodnia,weeklySchedule,high,yes,pl,yes,Inspect and request indexing. <!-- pragma: allowlist secret -->
pl,https://mystarday.app/pl/rutyny-dzieci-neuroroznorodnych,neurodiverseRoutines,high,yes,pl,yes,Inspect and request indexing. <!-- pragma: allowlist secret -->
pl,https://mystarday.app/pl/system-nagrod,rewardSystem,normal,yes,pl,no, <!-- pragma: allowlist secret -->
pl,https://mystarday.app/pl/materialy,resources,normal,yes,pl,no, <!-- pragma: allowlist secret -->
pl,https://mystarday.app/pl/pytania,faq,normal,yes,pl,no, <!-- pragma: allowlist secret -->
pl,https://mystarday.app/pl/prywatnosc,privacy,normal,yes,pl,no, <!-- pragma: allowlist secret -->
pl,https://mystarday.app/pl/regulamin,terms,normal,yes,pl,no, <!-- pragma: allowlist secret -->
pt,https://mystarday.app/pt,home,high,yes,pt,yes,Inspect and request indexing. <!-- pragma: allowlist secret -->
pt,https://mystarday.app/pt/como-funciona,howItWorks,normal,yes,pt,no,Swedish has no howItWorks document; the cluster omits sv-SE <!-- pragma: allowlist secret -->
pt,https://mystarday.app/pt/horario-visual,visualSchedule,high,yes,pt,yes,Inspect and request indexing. <!-- pragma: allowlist secret -->
pt,https://mystarday.app/pt/rotina-da-manha,morningRoutine,high,yes,pt,yes,Inspect and request indexing. <!-- pragma: allowlist secret -->
pt,https://mystarday.app/pt/plano-semanal,weeklySchedule,high,yes,pt,yes,Inspect and request indexing. <!-- pragma: allowlist secret -->
pt,https://mystarday.app/pt/rotinas-criancas-neurodivergentes,neurodiverseRoutines,high,yes,pt,yes,Inspect and request indexing. <!-- pragma: allowlist secret -->
pt,https://mystarday.app/pt/sistema-de-recompensas,rewardSystem,normal,yes,pt,no, <!-- pragma: allowlist secret -->
pt,https://mystarday.app/pt/materiais,resources,normal,yes,pt,no, <!-- pragma: allowlist secret -->
pt,https://mystarday.app/pt/perguntas,faq,normal,yes,pt,no, <!-- pragma: allowlist secret -->
pt,https://mystarday.app/pt/privacidade,privacy,normal,yes,pt,no, <!-- pragma: allowlist secret -->
pt,https://mystarday.app/pt/termos,terms,normal,yes,pt,no, <!-- pragma: allowlist secret -->
ro,https://mystarday.app/ro,home,high,yes,ro,yes,Inspect and request indexing. <!-- pragma: allowlist secret -->
ro,https://mystarday.app/ro/cum-functioneaza,howItWorks,normal,yes,ro,no,Swedish has no howItWorks document; the cluster omits sv-SE <!-- pragma: allowlist secret -->
ro,https://mystarday.app/ro/plan-vizual-de-zi,visualSchedule,high,yes,ro,yes,Inspect and request indexing. <!-- pragma: allowlist secret -->
ro,https://mystarday.app/ro/rutina-de-dimineata,morningRoutine,high,yes,ro,yes,Inspect and request indexing. <!-- pragma: allowlist secret -->
ro,https://mystarday.app/ro/plan-saptamanal,weeklySchedule,high,yes,ro,yes,Inspect and request indexing. <!-- pragma: allowlist secret -->
ro,https://mystarday.app/ro/rutine-copii-neurodivergenti,neurodiverseRoutines,high,yes,ro,yes,Inspect and request indexing. <!-- pragma: allowlist secret -->
ro,https://mystarday.app/ro/sistem-de-recompense,rewardSystem,normal,yes,ro,no, <!-- pragma: allowlist secret -->
ro,https://mystarday.app/ro/materiale,resources,normal,yes,ro,no, <!-- pragma: allowlist secret -->
ro,https://mystarday.app/ro/intrebari,faq,normal,yes,ro,no, <!-- pragma: allowlist secret -->
ro,https://mystarday.app/ro/confidentialitate,privacy,normal,yes,ro,no, <!-- pragma: allowlist secret -->
ro,https://mystarday.app/ro/termeni,terms,normal,yes,ro,no, <!-- pragma: allowlist secret -->
sk,https://mystarday.app/sk,home,high,yes,sk,yes,Inspect and request indexing. <!-- pragma: allowlist secret -->
sk,https://mystarday.app/sk/ako-to-funguje,howItWorks,normal,yes,sk,no,Swedish has no howItWorks document; the cluster omits sv-SE <!-- pragma: allowlist secret -->
sk,https://mystarday.app/sk/vizualny-denny-plan,visualSchedule,high,yes,sk,yes,Inspect and request indexing. <!-- pragma: allowlist secret -->
sk,https://mystarday.app/sk/ranna-rutina,morningRoutine,high,yes,sk,yes,Inspect and request indexing. <!-- pragma: allowlist secret -->
sk,https://mystarday.app/sk/tyzdenny-plan,weeklySchedule,high,yes,sk,yes,Inspect and request indexing. <!-- pragma: allowlist secret -->
sk,https://mystarday.app/sk/rutiny-neurodivergentne-deti,neurodiverseRoutines,high,yes,sk,yes,Inspect and request indexing. <!-- pragma: allowlist secret -->
sk,https://mystarday.app/sk/system-odmien,rewardSystem,normal,yes,sk,no, <!-- pragma: allowlist secret -->
sk,https://mystarday.app/sk/materialy,resources,normal,yes,sk,no, <!-- pragma: allowlist secret -->
sk,https://mystarday.app/sk/otazky,faq,normal,yes,sk,no, <!-- pragma: allowlist secret -->
sk,https://mystarday.app/sk/sukromie,privacy,normal,yes,sk,no, <!-- pragma: allowlist secret -->
sk,https://mystarday.app/sk/podmienky,terms,normal,yes,sk,no, <!-- pragma: allowlist secret -->
sl,https://mystarday.app/sl,home,high,yes,sl,yes,Inspect and request indexing. <!-- pragma: allowlist secret -->
sl,https://mystarday.app/sl/kako-deluje,howItWorks,normal,yes,sl,no,Swedish has no howItWorks document; the cluster omits sv-SE <!-- pragma: allowlist secret -->
sl,https://mystarday.app/sl/vizualni-dnevni-nacrt,visualSchedule,high,yes,sl,yes,Inspect and request indexing. <!-- pragma: allowlist secret -->
sl,https://mystarday.app/sl/jutranja-rutina,morningRoutine,high,yes,sl,yes,Inspect and request indexing. <!-- pragma: allowlist secret -->
sl,https://mystarday.app/sl/tedenski-nacrt,weeklySchedule,high,yes,sl,yes,Inspect and request indexing. <!-- pragma: allowlist secret -->
sl,https://mystarday.app/sl/rutine-nevroraznoliki-otroci,neurodiverseRoutines,high,yes,sl,yes,Inspect and request indexing. <!-- pragma: allowlist secret -->
sl,https://mystarday.app/sl/sistem-nagrad,rewardSystem,normal,yes,sl,no, <!-- pragma: allowlist secret -->
sl,https://mystarday.app/sl/gradiva,resources,normal,yes,sl,no, <!-- pragma: allowlist secret -->
sl,https://mystarday.app/sl/vprasanja,faq,normal,yes,sl,no, <!-- pragma: allowlist secret -->
sl,https://mystarday.app/sl/zasebnost,privacy,normal,yes,sl,no, <!-- pragma: allowlist secret -->
sl,https://mystarday.app/sl/pogoji,terms,normal,yes,sl,no, <!-- pragma: allowlist secret -->
es,https://mystarday.app/es,home,high,yes,es,yes,Inspect and request indexing. <!-- pragma: allowlist secret -->
es,https://mystarday.app/es/como-funciona,howItWorks,normal,yes,es,no,Swedish has no howItWorks document; the cluster omits sv-SE <!-- pragma: allowlist secret -->
es,https://mystarday.app/es/horario-visual,visualSchedule,high,yes,es,yes,Inspect and request indexing. <!-- pragma: allowlist secret -->
es,https://mystarday.app/es/rutina-matinal,morningRoutine,high,yes,es,yes,Inspect and request indexing. <!-- pragma: allowlist secret -->
es,https://mystarday.app/es/plan-semanal,weeklySchedule,high,yes,es,yes,Inspect and request indexing. <!-- pragma: allowlist secret -->
es,https://mystarday.app/es/rutinas-ninos-neurodivergentes,neurodiverseRoutines,high,yes,es,yes,Inspect and request indexing. <!-- pragma: allowlist secret -->
es,https://mystarday.app/es/sistema-de-recompensas,rewardSystem,normal,yes,es,no, <!-- pragma: allowlist secret -->
es,https://mystarday.app/es/recursos,resources,normal,yes,es,no, <!-- pragma: allowlist secret -->
es,https://mystarday.app/es/preguntas-frecuentes,faq,normal,yes,es,no, <!-- pragma: allowlist secret -->
es,https://mystarday.app/es/privacidad,privacy,normal,yes,es,no, <!-- pragma: allowlist secret -->
es,https://mystarday.app/es/condiciones,terms,normal,yes,es,no, <!-- pragma: allowlist secret -->
sv,https://mystarday.se/,home,high,yes,sv-SE,yes,Inspect and request indexing. <!-- pragma: allowlist secret -->
sv,https://mystarday.se/bildschema-app,visualSchedule,high,yes,sv-SE,yes,Inspect and request indexing. <!-- pragma: allowlist secret -->
sv,https://mystarday.se/morgonrutin-barn,morningRoutine,high,yes,sv-SE,yes,Inspect and request indexing. <!-- pragma: allowlist secret -->
sv,https://mystarday.se/veckoschema-bildstod,weeklySchedule,high,yes,sv-SE,yes,Inspect and request indexing. <!-- pragma: allowlist secret -->
sv,https://mystarday.se/rutiner-npf-barn,neurodiverseRoutines,high,yes,sv-SE,yes,Inspect and request indexing. <!-- pragma: allowlist secret -->
sv,https://mystarday.se/beloningssystem-barn,rewardSystem,normal,yes,sv-SE,no, <!-- pragma: allowlist secret -->
sv,https://mystarday.se/resurser,resources,normal,yes,sv-SE,no, <!-- pragma: allowlist secret -->
sv,https://mystarday.se/faq,faq,normal,yes,sv-SE,no, <!-- pragma: allowlist secret -->
sv,https://mystarday.se/privacy,privacy,normal,yes,sv-SE,no, <!-- pragma: allowlist secret -->
sv,https://mystarday.se/terms,terms,normal,yes,sv-SE,no, <!-- pragma: allowlist secret -->
sv,https://mystarday.se/alternativ-bildschema-tavla,additional,normal,yes,sv-SE,no,Discover from the sitemap. Do not request indexing. <!-- pragma: allowlist secret -->
sv,https://mystarday.se/kontakt,additional,normal,yes,sv-SE,no,Discover from the sitemap. Do not request indexing. <!-- pragma: allowlist secret -->
sv,https://mystarday.se/om-oss,additional,normal,yes,sv-SE,no,Discover from the sitemap. Do not request indexing. <!-- pragma: allowlist secret -->
sv,https://mystarday.se/pedagoger-och-terapeuter,additional,normal,yes,sv-SE,no,Discover from the sitemap. Do not request indexing. <!-- pragma: allowlist secret -->
sv,https://mystarday.se/pricing-info,additional,normal,yes,sv-SE,no,Discover from the sitemap. Do not request indexing. <!-- pragma: allowlist secret -->
sv,https://mystarday.se/register,additional,normal,yes,sv-SE,no,Discover from the sitemap. Do not request indexing. <!-- pragma: allowlist secret -->
sv,https://mystarday.se/resurser/bildschema-forskolan,additional,normal,yes,sv-SE,no,Discover from the sitemap. Do not request indexing. <!-- pragma: allowlist secret -->
sv,https://mystarday.se/resurser/bildstod-adhd-barn,additional,normal,yes,sv-SE,no,Discover from the sitemap. Do not request indexing. <!-- pragma: allowlist secret -->
sv,https://mystarday.se/resurser/bildstod-autism-vardag,additional,normal,yes,sv-SE,no,Discover from the sitemap. Do not request indexing. <!-- pragma: allowlist secret -->
sv,https://mystarday.se/resurser/forst-sedan-kort-barn,additional,normal,yes,sv-SE,no,Discover from the sitemap. Do not request indexing. <!-- pragma: allowlist secret -->
sv,https://mystarday.se/resurser/hygien,additional,normal,yes,sv-SE,no,Discover from the sitemap. Do not request indexing. <!-- pragma: allowlist secret -->
sv,https://mystarday.se/resurser/kanslor,additional,normal,yes,sv-SE,no,Discover from the sitemap. Do not request indexing. <!-- pragma: allowlist secret -->
sv,https://mystarday.se/resurser/kvall,additional,normal,yes,sv-SE,no,Discover from the sitemap. Do not request indexing. <!-- pragma: allowlist secret -->
sv,https://mystarday.se/resurser/morgon,additional,normal,yes,sv-SE,no,Discover from the sitemap. Do not request indexing. <!-- pragma: allowlist secret -->
sv,https://mystarday.se/resurser/overgangar,additional,normal,yes,sv-SE,no,Discover from the sitemap. Do not request indexing. <!-- pragma: allowlist secret -->
sv,https://mystarday.se/resurser/overgangsschema-barn,additional,normal,yes,sv-SE,no,Discover from the sitemap. Do not request indexing. <!-- pragma: allowlist secret -->
sv,https://mystarday.se/resurser/pdf/beloningsschema,additional,normal,yes,sv-SE,no,Discover from the sitemap. Do not request indexing. <!-- pragma: allowlist secret -->
sv,https://mystarday.se/resurser/pdf/helgschema,additional,normal,yes,sv-SE,no,Discover from the sitemap. Do not request indexing. <!-- pragma: allowlist secret -->
sv,https://mystarday.se/resurser/pdf/laxschema,additional,normal,yes,sv-SE,no,Discover from the sitemap. Do not request indexing. <!-- pragma: allowlist secret -->
sv,https://mystarday.se/resurser/pdf/veckoschema,additional,normal,yes,sv-SE,no,Discover from the sitemap. Do not request indexing. <!-- pragma: allowlist secret -->
sv,https://mystarday.se/resurser/skola,additional,normal,yes,sv-SE,no,Discover from the sitemap. Do not request indexing. <!-- pragma: allowlist secret -->
sv,https://mystarday.se/resurser/teacch-inspirerat,additional,normal,yes,sv-SE,no,Discover from the sitemap. Do not request indexing. <!-- pragma: allowlist secret -->
sv,https://mystarday.se/skattkammaren,additional,normal,yes,sv-SE,no,Discover from the sitemap. Do not request indexing. <!-- pragma: allowlist secret -->
nb,https://mystarday.app/nb,home,high,yes,nb,yes,Inspect and request indexing. <!-- pragma: allowlist secret -->
nb,https://mystarday.app/nb/slik-virker-det,howItWorks,normal,yes,nb,no,Swedish has no howItWorks document; the cluster omits sv-SE <!-- pragma: allowlist secret -->
nb,https://mystarday.app/nb/visuell-dagsplan,visualSchedule,high,yes,nb,yes,Inspect and request indexing. <!-- pragma: allowlist secret -->
nb,https://mystarday.app/nb/morgenrutine,morningRoutine,high,yes,nb,yes,Inspect and request indexing. <!-- pragma: allowlist secret -->
nb,https://mystarday.app/nb/ukeplan,weeklySchedule,high,yes,nb,yes,Inspect and request indexing. <!-- pragma: allowlist secret -->
nb,https://mystarday.app/nb/rutiner-nevromangfoldige-barn,neurodiverseRoutines,high,yes,nb,yes,Inspect and request indexing. <!-- pragma: allowlist secret -->
nb,https://mystarday.app/nb/belonningssystem,rewardSystem,normal,yes,nb,no, <!-- pragma: allowlist secret -->
nb,https://mystarday.app/nb/materiell,resources,normal,yes,nb,no, <!-- pragma: allowlist secret -->
nb,https://mystarday.app/nb/sporsmal,faq,normal,yes,nb,no, <!-- pragma: allowlist secret -->
nb,https://mystarday.app/nb/personvern,privacy,normal,yes,nb,no, <!-- pragma: allowlist secret -->
nb,https://mystarday.app/nb/vilkar,terms,normal,yes,nb,no, <!-- pragma: allowlist secret -->
is,https://mystarday.app/is,home,high,yes,is,yes,Inspect and request indexing. <!-- pragma: allowlist secret -->
is,https://mystarday.app/is/svona-virkar-tad,howItWorks,normal,yes,is,no,Swedish has no howItWorks document; the cluster omits sv-SE <!-- pragma: allowlist secret -->
is,https://mystarday.app/is/sjonraen-dagskra,visualSchedule,high,yes,is,yes,Inspect and request indexing. <!-- pragma: allowlist secret -->
is,https://mystarday.app/is/morgunvenja,morningRoutine,high,yes,is,yes,Inspect and request indexing. <!-- pragma: allowlist secret -->
is,https://mystarday.app/is/vikuaaetlun,weeklySchedule,high,yes,is,yes,Inspect and request indexing. <!-- pragma: allowlist secret -->
is,https://mystarday.app/is/venjur-taugafraedileg-born,neurodiverseRoutines,high,yes,is,yes,Inspect and request indexing. <!-- pragma: allowlist secret -->
is,https://mystarday.app/is/umbunarkerfi,rewardSystem,normal,yes,is,no, <!-- pragma: allowlist secret -->
is,https://mystarday.app/is/efni,resources,normal,yes,is,no, <!-- pragma: allowlist secret -->
is,https://mystarday.app/is/spurningar,faq,normal,yes,is,no, <!-- pragma: allowlist secret -->
is,https://mystarday.app/is/personuvernd,privacy,normal,yes,is,no, <!-- pragma: allowlist secret -->
is,https://mystarday.app/is/skilmalar,terms,normal,yes,is,no, <!-- pragma: allowlist secret -->
