locale,market,url,content_key,indexable,canonical,hreflang,sitemap,priority
sv,,/,home,true,/,nl|en|fr|de|it|pl|es|sv-SE|x-default,yes,high
en,,/en,home,true,/en,nl|en|fr|de|it|pl|es|sv-SE|x-default,yes,high
nl,,/nl,home,true,/nl,nl|en|fr|de|it|pl|es|sv-SE|x-default,yes,high
de,,/de,home,true,/de,nl|en|fr|de|it|pl|es|sv-SE|x-default,yes,high
fr,,/fr,home,true,/fr,nl|en|fr|de|it|pl|es|sv-SE|x-default,yes,high
es,,/es,home,true,/es,nl|en|fr|de|it|pl|es|sv-SE|x-default,yes,high
it,,/it,home,true,/it,nl|en|fr|de|it|pl|es|sv-SE|x-default,yes,high
pl,,/pl,home,true,/pl,nl|en|fr|de|it|pl|es|sv-SE|x-default,yes,high
en,,/en/how-it-works,howItWorks,true,/en/how-it-works,nl|en|fr|de|it|pl|es|x-default,yes,normal
nl,,/nl/hoe-het-werkt,howItWorks,true,/nl/hoe-het-werkt,nl|en|fr|de|it|pl|es|x-default,yes,normal
de,,/de/so-funktionierts,howItWorks,true,/de/so-funktionierts,nl|en|fr|de|it|pl|es|x-default,yes,normal
fr,,/fr/comment-ca-marche,howItWorks,true,/fr/comment-ca-marche,nl|en|fr|de|it|pl|es|x-default,yes,normal
es,,/es/como-funciona,howItWorks,true,/es/como-funciona,nl|en|fr|de|it|pl|es|x-default,yes,normal
it,,/it/come-funziona,howItWorks,true,/it/come-funziona,nl|en|fr|de|it|pl|es|x-default,yes,normal
pl,,/pl/jak-to-dziala,howItWorks,true,/pl/jak-to-dziala,nl|en|fr|de|it|pl|es|x-default,yes,normal
sv,,/bildschema-app,visualSchedule,true,/bildschema-app,nl|en|fr|de|it|pl|es|sv-SE|x-default,yes,high
en,,/en/visual-schedule-app,visualSchedule,true,/en/visual-schedule-app,nl|en|fr|de|it|pl|es|sv-SE|x-default,yes,high
nl,,/nl/visueel-schema,visualSchedule,true,/nl/visueel-schema,nl|en|fr|de|it|pl|es|sv-SE|x-default,yes,high
de,,/de/visueller-tagesplan,visualSchedule,true,/de/visueller-tagesplan,nl|en|fr|de|it|pl|es|sv-SE|x-default,yes,high
fr,,/fr/emploi-du-temps-visuel,visualSchedule,true,/fr/emploi-du-temps-visuel,nl|en|fr|de|it|pl|es|sv-SE|x-default,yes,high
es,,/es/horario-visual,visualSchedule,true,/es/horario-visual,nl|en|fr|de|it|pl|es|sv-SE|x-default,yes,high
it,,/it/schema-visivo,visualSchedule,true,/it/schema-visivo,nl|en|fr|de|it|pl|es|sv-SE|x-default,yes,high
pl,,/pl/plan-dnia-obrazkowy,visualSchedule,true,/pl/plan-dnia-obrazkowy,nl|en|fr|de|it|pl|es|sv-SE|x-default,yes,high
sv,,/morgonrutin-barn,morningRoutine,true,/morgonrutin-barn,nl|en|fr|de|it|pl|es|sv-SE|x-default,yes,high
en,,/en/morning-routine-children,morningRoutine,true,/en/morning-routine-children,nl|en|fr|de|it|pl|es|sv-SE|x-default,yes,high
nl,,/nl/ochtendroutine-kinderen,morningRoutine,true,/nl/ochtendroutine-kinderen,nl|en|fr|de|it|pl|es|sv-SE|x-default,yes,high
de,,/de/morgenroutine-kinder,morningRoutine,true,/de/morgenroutine-kinder,nl|en|fr|de|it|pl|es|sv-SE|x-default,yes,high
fr,,/fr/routine-du-matin,morningRoutine,true,/fr/routine-du-matin,nl|en|fr|de|it|pl|es|sv-SE|x-default,yes,high
es,,/es/rutina-matinal,morningRoutine,true,/es/rutina-matinal,nl|en|fr|de|it|pl|es|sv-SE|x-default,yes,high
it,,/it/routine-del-mattino,morningRoutine,true,/it/routine-del-mattino,nl|en|fr|de|it|pl|es|sv-SE|x-default,yes,high
pl,,/pl/poranna-rutyna,morningRoutine,true,/pl/poranna-rutyna,nl|en|fr|de|it|pl|es|sv-SE|x-default,yes,high
sv,,/veckoschema-bildstod,weeklySchedule,true,/veckoschema-bildstod,nl|en|fr|de|it|pl|es|sv-SE|x-default,yes,high
en,,/en/weekly-schedule-visual-support,weeklySchedule,true,/en/weekly-schedule-visual-support,nl|en|fr|de|it|pl|es|sv-SE|x-default,yes,high
nl,,/nl/weekplanning-met-pictogrammen,weeklySchedule,true,/nl/weekplanning-met-pictogrammen,nl|en|fr|de|it|pl|es|sv-SE|x-default,yes,high
de,,/de/wochenplan-piktogramme,weeklySchedule,true,/de/wochenplan-piktogramme,nl|en|fr|de|it|pl|es|sv-SE|x-default,yes,high
fr,,/fr/planning-hebdomadaire,weeklySchedule,true,/fr/planning-hebdomadaire,nl|en|fr|de|it|pl|es|sv-SE|x-default,yes,high
es,,/es/plan-semanal,weeklySchedule,true,/es/plan-semanal,nl|en|fr|de|it|pl|es|sv-SE|x-default,yes,high
it,,/it/piano-settimanale,weeklySchedule,true,/it/piano-settimanale,nl|en|fr|de|it|pl|es|sv-SE|x-default,yes,high
pl,,/pl/plan-tygodnia,weeklySchedule,true,/pl/plan-tygodnia,nl|en|fr|de|it|pl|es|sv-SE|x-default,yes,high
sv,,/rutiner-npf-barn,neurodiverseRoutines,true,/rutiner-npf-barn,nl|en|fr|de|it|pl|es|sv-SE|x-default,yes,high
en,,/en/routines-neurodiverse-children,neurodiverseRoutines,true,/en/routines-neurodiverse-children,nl|en|fr|de|it|pl|es|sv-SE|x-default,yes,high
nl,,/nl/routines-neurodiverse-kinderen,neurodiverseRoutines,true,/nl/routines-neurodiverse-kinderen,nl|en|fr|de|it|pl|es|sv-SE|x-default,yes,high
de,,/de/routinen-neurodiverse-kinder,neurodiverseRoutines,true,/de/routinen-neurodiverse-kinder,nl|en|fr|de|it|pl|es|sv-SE|x-default,yes,high
fr,,/fr/routines-enfants-neurodivergents,neurodiverseRoutines,true,/fr/routines-enfants-neurodivergents,nl|en|fr|de|it|pl|es|sv-SE|x-default,yes,high
es,,/es/rutinas-ninos-neurodivergentes,neurodiverseRoutines,true,/es/rutinas-ninos-neurodivergentes,nl|en|fr|de|it|pl|es|sv-SE|x-default,yes,high
it,,/it/routine-bambini-neurodivergenti,neurodiverseRoutines,true,/it/routine-bambini-neurodivergenti,nl|en|fr|de|it|pl|es|sv-SE|x-default,yes,high
pl,,/pl/rutyny-dzieci-neuroroznorodnych,neurodiverseRoutines,true,/pl/rutyny-dzieci-neuroroznorodnych,nl|en|fr|de|it|pl|es|sv-SE|x-default,yes,high
sv,,/beloningssystem-barn,rewardSystem,true,/beloningssystem-barn,nl|en|fr|de|it|pl|es|sv-SE|x-default,yes,normal
en,,/en/reward-system-children,rewardSystem,true,/en/reward-system-children,nl|en|fr|de|it|pl|es|sv-SE|x-default,yes,normal
nl,,/nl/beloningssysteem-kinderen,rewardSystem,true,/nl/beloningssysteem-kinderen,nl|en|fr|de|it|pl|es|sv-SE|x-default,yes,normal
de,,/de/belohnungssystem-kinder,rewardSystem,true,/de/belohnungssystem-kinder,nl|en|fr|de|it|pl|es|sv-SE|x-default,yes,normal
fr,,/fr/systeme-de-recompenses,rewardSystem,true,/fr/systeme-de-recompenses,nl|en|fr|de|it|pl|es|sv-SE|x-default,yes,normal
es,,/es/sistema-de-recompensas,rewardSystem,true,/es/sistema-de-recompensas,nl|en|fr|de|it|pl|es|sv-SE|x-default,yes,normal
it,,/it/sistema-di-ricompense,rewardSystem,true,/it/sistema-di-ricompense,nl|en|fr|de|it|pl|es|sv-SE|x-default,yes,normal
pl,,/pl/system-nagrod,rewardSystem,true,/pl/system-nagrod,nl|en|fr|de|it|pl|es|sv-SE|x-default,yes,normal
sv,,/resurser,resources,true,/resurser,nl|en|fr|de|it|pl|es|sv-SE|x-default,yes,normal
en,,/en/resources,resources,true,/en/resources,nl|en|fr|de|it|pl|es|sv-SE|x-default,yes,normal
nl,,/nl/bronnen,resources,true,/nl/bronnen,nl|en|fr|de|it|pl|es|sv-SE|x-default,yes,normal
de,,/de/materialien,resources,true,/de/materialien,nl|en|fr|de|it|pl|es|sv-SE|x-default,yes,normal
fr,,/fr/ressources,resources,true,/fr/ressources,nl|en|fr|de|it|pl|es|sv-SE|x-default,yes,normal
es,,/es/recursos,resources,true,/es/recursos,nl|en|fr|de|it|pl|es|sv-SE|x-default,yes,normal
it,,/it/risorse,resources,true,/it/risorse,nl|en|fr|de|it|pl|es|sv-SE|x-default,yes,normal
pl,,/pl/materialy,resources,true,/pl/materialy,nl|en|fr|de|it|pl|es|sv-SE|x-default,yes,normal
sv,,/faq,faq,true,/faq,nl|en|fr|de|it|pl|es|sv-SE|x-default,yes,normal
en,,/en/faq,faq,true,/en/faq,nl|en|fr|de|it|pl|es|sv-SE|x-default,yes,normal
nl,,/nl/faq,faq,true,/nl/faq,nl|en|fr|de|it|pl|es|sv-SE|x-default,yes,normal
de,,/de/fragen,faq,true,/de/fragen,nl|en|fr|de|it|pl|es|sv-SE|x-default,yes,normal
fr,,/fr/questions-frequentes,faq,true,/fr/questions-frequentes,nl|en|fr|de|it|pl|es|sv-SE|x-default,yes,normal
es,,/es/preguntas-frecuentes,faq,true,/es/preguntas-frecuentes,nl|en|fr|de|it|pl|es|sv-SE|x-default,yes,normal
it,,/it/domande-frequenti,faq,true,/it/domande-frequenti,nl|en|fr|de|it|pl|es|sv-SE|x-default,yes,normal
pl,,/pl/pytania,faq,true,/pl/pytania,nl|en|fr|de|it|pl|es|sv-SE|x-default,yes,normal
sv,,/privacy,privacy,true,/privacy,nl|en|fr|de|it|pl|es|sv-SE|x-default,yes,normal
en,,/en/privacy,privacy,true,/en/privacy,nl|en|fr|de|it|pl|es|sv-SE|x-default,yes,normal
nl,,/nl/privacy,privacy,true,/nl/privacy,nl|en|fr|de|it|pl|es|sv-SE|x-default,yes,normal
de,,/de/datenschutz,privacy,true,/de/datenschutz,nl|en|fr|de|it|pl|es|sv-SE|x-default,yes,normal
fr,,/fr/confidentialite,privacy,true,/fr/confidentialite,nl|en|fr|de|it|pl|es|sv-SE|x-default,yes,normal
es,,/es/privacidad,privacy,true,/es/privacidad,nl|en|fr|de|it|pl|es|sv-SE|x-default,yes,normal
it,,/it/privacy,privacy,true,/it/privacy,nl|en|fr|de|it|pl|es|sv-SE|x-default,yes,normal
pl,,/pl/prywatnosc,privacy,true,/pl/prywatnosc,nl|en|fr|de|it|pl|es|sv-SE|x-default,yes,normal
sv,,/terms,terms,true,/terms,nl|en|fr|de|it|pl|es|sv-SE|x-default,yes,normal
en,,/en/terms,terms,true,/en/terms,nl|en|fr|de|it|pl|es|sv-SE|x-default,yes,normal
nl,,/nl/voorwaarden,terms,true,/nl/voorwaarden,nl|en|fr|de|it|pl|es|sv-SE|x-default,yes,normal
de,,/de/nutzungsbedingungen,terms,true,/de/nutzungsbedingungen,nl|en|fr|de|it|pl|es|sv-SE|x-default,yes,normal
fr,,/fr/conditions-d-utilisation,terms,true,/fr/conditions-d-utilisation,nl|en|fr|de|it|pl|es|sv-SE|x-default,yes,normal
es,,/es/condiciones,terms,true,/es/condiciones,nl|en|fr|de|it|pl|es|sv-SE|x-default,yes,normal
it,,/it/condizioni,terms,true,/it/condizioni,nl|en|fr|de|it|pl|es|sv-SE|x-default,yes,normal
pl,,/pl/regulamin,terms,true,/pl/regulamin,nl|en|fr|de|it|pl|es|sv-SE|x-default,yes,normal
sv,,/alternativ-bildschema-tavla,,true,/alternativ-bildschema-tavla,sv-SE|en|x-default,yes,normal
en,,/en/alternative-visual-schedule-board,,true,/en/alternative-visual-schedule-board,sv-SE|en|x-default,yes,normal
en,,/en/contact,,true,/en/contact,sv-SE|en|x-default,yes,normal
en,,/en/pricing,,true,/en/pricing,sv-SE|en|x-default,yes,normal
en,,/en/resources/emotion-cards-children-free,,true,/en/resources/emotion-cards-children-free,en|x-default,yes,normal
en,,/en/resources/emotions,,true,/en/resources/emotions,sv-SE|en|x-default,yes,normal
en,,/en/resources/evening,,true,/en/resources/evening,sv-SE|en|x-default,yes,normal
en,,/en/resources/hygiene,,true,/en/resources/hygiene,sv-SE|en|x-default,yes,normal
en,,/en/resources/morning,,true,/en/resources/morning,sv-SE|en|x-default,yes,normal
en,,/en/resources/pdf/emotions,,true,/en/resources/pdf/emotions,en|x-default,yes,normal
en,,/en/resources/pdf/evening-schedule,,true,/en/resources/pdf/evening-schedule,en|x-default,yes,normal
en,,/en/resources/pdf/homework-schedule,,true,/en/resources/pdf/homework-schedule,sv-SE|en|x-default,yes,normal
en,,/en/resources/pdf/hygiene,,true,/en/resources/pdf/hygiene,en|x-default,yes,normal
en,,/en/resources/pdf/morning-schedule,,true,/en/resources/pdf/morning-schedule,en|x-default,yes,normal
en,,/en/resources/pdf/reward-chart,,true,/en/resources/pdf/reward-chart,sv-SE|en|x-default,yes,normal
en,,/en/resources/pdf/school,,true,/en/resources/pdf/school,en|x-default,yes,normal
en,,/en/resources/pdf/teacch-inspired,,true,/en/resources/pdf/teacch-inspired,en|x-default,yes,normal
en,,/en/resources/pdf/transitions,,true,/en/resources/pdf/transitions,en|x-default,yes,normal
en,,/en/resources/pdf/weekend-schedule,,true,/en/resources/pdf/weekend-schedule,sv-SE|en|x-default,yes,normal
en,,/en/resources/pdf/weekly-schedule,,true,/en/resources/pdf/weekly-schedule,sv-SE|en|x-default,yes,normal
en,,/en/resources/picture-cards/emotions,,true,/en/resources/picture-cards/emotions,en|x-default,yes,normal
en,,/en/resources/picture-cards/evening,,true,/en/resources/picture-cards/evening,en|x-default,yes,normal
en,,/en/resources/picture-cards/hygiene,,true,/en/resources/picture-cards/hygiene,en|x-default,yes,normal
en,,/en/resources/picture-cards/morning,,true,/en/resources/picture-cards/morning,en|x-default,yes,normal
en,,/en/resources/picture-cards/school,,true,/en/resources/picture-cards/school,en|x-default,yes,normal
en,,/en/resources/picture-cards/teacch-inspired,,true,/en/resources/picture-cards/teacch-inspired,en|x-default,yes,normal
en,,/en/resources/picture-cards/transitions,,true,/en/resources/picture-cards/transitions,en|x-default,yes,normal
en,,/en/resources/school,,true,/en/resources/school,sv-SE|en|x-default,yes,normal
en,,/en/resources/teacch-inspired,,true,/en/resources/teacch-inspired,sv-SE|en|x-default,yes,normal
en,,/en/resources/transitions,,true,/en/resources/transitions,sv-SE|en|x-default,yes,normal
en,,/en/treasury,,true,/en/treasury,sv-SE|en|x-default,yes,normal
sv,,/kontakt,,true,/kontakt,sv-SE|en|x-default,yes,normal
sv,,/om-oss,,true,/om-oss,,yes,normal
sv,,/pedagoger-och-terapeuter,,true,/pedagoger-och-terapeuter,,yes,normal
sv,,/pricing-info,,true,/pricing-info,sv-SE|en|x-default,yes,normal
sv,,/register,,true,/register,,yes,normal
sv,,/resurser/bildschema-forskolan,,true,/resurser/bildschema-forskolan,,yes,normal
sv,,/resurser/bildstod-adhd-barn,,true,/resurser/bildstod-adhd-barn,,yes,normal
sv,,/resurser/bildstod-autism-vardag,,true,/resurser/bildstod-autism-vardag,,yes,normal
sv,,/resurser/forst-sedan-kort-barn,,true,/resurser/forst-sedan-kort-barn,,yes,normal
sv,,/resurser/hygien,,true,/resurser/hygien,sv-SE|en|x-default,yes,normal
sv,,/resurser/kanslor,,true,/resurser/kanslor,sv-SE|en|x-default,yes,normal
sv,,/resurser/kvall,,true,/resurser/kvall,sv-SE|en|x-default,yes,normal
sv,,/resurser/morgon,,true,/resurser/morgon,sv-SE|en|x-default,yes,normal
sv,,/resurser/overgangar,,true,/resurser/overgangar,sv-SE|en|x-default,yes,normal
sv,,/resurser/overgangsschema-barn,,true,/resurser/overgangsschema-barn,,yes,normal
sv,,/resurser/pdf/beloningsschema,,true,/resurser/pdf/beloningsschema,sv-SE|en|x-default,yes,normal
sv,,/resurser/pdf/helgschema,,true,/resurser/pdf/helgschema,sv-SE|en|x-default,yes,normal
sv,,/resurser/pdf/laxschema,,true,/resurser/pdf/laxschema,sv-SE|en|x-default,yes,normal
sv,,/resurser/pdf/veckoschema,,true,/resurser/pdf/veckoschema,sv-SE|en|x-default,yes,normal
sv,,/resurser/skola,,true,/resurser/skola,sv-SE|en|x-default,yes,normal
sv,,/resurser/teacch-inspirerat,,true,/resurser/teacch-inspirerat,sv-SE|en|x-default,yes,normal
sv,,/skattkammaren,,true,/skattkammaren,sv-SE|en|x-default,yes,normal
de,AT,/de/at,,false,/de/at,,no,low
en,AT,/en/at,,false,/en/at,,no,low
nl,BE,/nl/be,,false,/nl/be,,no,low
fr,BE,/fr/be,,false,/fr/be,,no,low
de,BE,/de/be,,false,/de/be,,no,low
en,BE,/en/be,,false,/en/be,,no,low
en,BG,/en/bg,,false,/en/bg,,no,low
en,HR,/en/hr,,false,/en/hr,,no,low
en,CY,/en/cy,,false,/en/cy,,no,low
en,CZ,/en/cz,,false,/en/cz,,no,low
en,DK,/en/dk,,false,/en/dk,,no,low
en,EE,/en/ee,,false,/en/ee,,no,low
en,FI,/en/fi,,false,/en/fi,,no,low
fr,FR,/fr/fr,,false,/fr/fr,,no,low
en,FR,/en/fr,,false,/en/fr,,no,low
de,DE,/de/de,,false,/de/de,,no,low
en,DE,/en/de,,false,/en/de,,no,low
en,GR,/en/gr,,false,/en/gr,,no,low
en,HU,/en/hu,,false,/en/hu,,no,low
en,IE,/en/ie,,false,/en/ie,,no,low
it,IT,/it/it,,false,/it/it,,no,low
en,IT,/en/it,,false,/en/it,,no,low
en,LV,/en/lv,,false,/en/lv,,no,low
en,LT,/en/lt,,false,/en/lt,,no,low
fr,LU,/fr/lu,,false,/fr/lu,,no,low
de,LU,/de/lu,,false,/de/lu,,no,low
en,LU,/en/lu,,false,/en/lu,,no,low
en,MT,/en/mt,,false,/en/mt,,no,low
nl,NL,/nl/nl,,false,/nl/nl,,no,low
en,NL,/en/nl,,false,/en/nl,,no,low
pl,PL,/pl/pl,,false,/pl/pl,,no,low
en,PL,/en/pl,,false,/en/pl,,no,low
en,PT,/en/pt,,false,/en/pt,,no,low
en,RO,/en/ro,,false,/en/ro,,no,low
en,SK,/en/sk,,false,/en/sk,,no,low
en,SI,/en/si,,false,/en/si,,no,low
es,ES,/es/es,,false,/es/es,,no,low
en,ES,/en/es,,false,/en/es,,no,low
en,SE,/en/se,,false,/en/se,,no,low
en,NO,/en/no,,false,/en/no,,no,low
en,IS,/en/is,,false,/en/is,,no,low
en,CA,/en/ca,,false,/en/ca,,no,low
